﻿<?xml version="1.0"?>
<manifest identifier="LIM" version="1.1"
 xmlns="http://www.imsproject.org/xsd/imscp_rootv1p1p2" 
 xmlns:adlcp="http://www.adlnet.org/xsd/adlcp_rootv1p2"
 xmlns:xsi="http://www.w3.org/2001/XMLSchema-instance" 
 xsi:schemaLocation="http://www.imsproject.org/xsd/imscp_rootv1p1p2     imscp_rootv1p1p2.xsd 
 http://www.adlnet.org/xsd/adlcp_rootv1p2 adlcp_rootv1p2.xsd">	
 <metadata>
 <schema>ADL SCORM</schema>
 <schemaversion>1.2</schemaversion>
  
 </metadata>
  <organizations default="TOC1">
    <organization identifier="TOC1">
      <title>LIM</title>
      <item identifier="ITEM1" identifierref="RESOURCE1">
        <title>Misioneros del Libro de Mormón</title>
      </item>
    </organization>
  </organizations>
  <resources>
       	<resource identifier="RESOURCE1" type="webcontent" adlcp:scormtype="sco" href="misioneros_en_ldm.html">
      <metadata>
        <schema>ADL SCORM</schema>
        <schemaversion>1.2</schemaversion>
      </metadata>
	 <file href="Abinadi.jpg" />
<file href="Aguas_de_Mormon.JPG" />
<file href="Alma_y_Amulek.JPG" />
<file href="Alma.JPG" />
<file href="Amm_on_Aaron_Omner_Alma.JPG" />
<file href="Ammon.jpg" />
<file href="Ciudad_de_Ammon_iah.jpg" />
<file href="Discurso_del_Rey_Benjamin.jpg" />
<file href="Guerras_Lamanitas_y_Banda_de_Gadianton.jpg" />
<file href="Helaman_hijo_de_Helaman.JPG" />
<file href="Mormon.jpg" />
<file href="Nefitas_inicuos.jpg" />
<file href="OMNER__Y_HIMNI.jpg" />
<file href="Portada.JPG" />
<file href="Predicad_mi_Evangelio.JPG" />
<file href="Rey_Lamoni_y_su_esposa.JPG" />
<file href="Rey_Moshia_Joven.jpg" />
<file href="Rey_Noe.jpg" />
<file href="Samuel.jpg" />
<file href="Zarahemla_inicua.jpg" />
<file href="Zoramites_y_Rameumptom.JPG" />
<file href="misioneros_en_ldm.html" />
<file href="html.tlm" />
<file href="sclim/ad.png" />
<file href="sclim/am.png" />
<file href="sclim/at.png" />
<file href="sclim/av.mp3" />
<file href="sclim/av.ogg" />
<file href="sclim/ben.mp3" />
<file href="sclim/ben.ogg" />
<file href="sclim/c.png" />
<file href="sclim/Escolar8.ttf" />
<file href="sclim/in.png" />
<file href="sclim/l.png" />
<file href="sclim/lang.js" />
<file href="sclim/lim-px.css" />
<file href="sclim/lim.css" />
<file href="sclim/limjs.js" />
<file href="sclim/mal.mp3" />
<file href="sclim/mal.ogg" />
<file href="sclim/p.png" />
<file href="sclim/pre.gif" />
<file href="misioneros_en_ldm.lim" />
<file href="scormlim.js" />
	
    </resource>
  </resources>
</manifest>
